ID,NAME,LOCATIONID
1523,GENERIC CASH,202
1854,GENERIC CASH,184
2181,GENERIC CASH,27
3907,GENERIC CASH,154
7499,GENERIC CASH,82
7505,GENERIC CASH,282
23281,GENERIC CASH,344
20933,GENERIC CASH,159
23010,GENERIC CASH,325
20858,GENERIC CASH,321
20993,GENERIC CASH,547
20974,GENERIC CASH,322
18582,GENERIC CASH,153
20346,GENERIC CASH,527
20343,GENERIC CASH,526
24931,GENERIC CASH,566
24932,GENERIC CASH,567
34444,GENERIC CASH,607
34411,GENERIC CASH,281
34414,GENERIC CASH,160
34417,GENERIC CASH,163
35362,GENERIC CASH,101
35365,GENERIC CASH,402
35977,GENERIC CASH,304
36109,GENERIC CASH,646
36111,GENERIC CASH,647
36228,GENERIC CASH,341
34437,GENERIC CASH,606
38321,GENERIC CASH,689
37655,GENERIC CASH,155
37656,GENERIC CASH,156
39198,GENERIC CASH,171
37710,GENERIC CASH,421
39154,GENERIC CASH,162
37529,GENERIC CASH,164
50611,GENERIC CASH,481
44533,GENERIC CASH,166
44507,GENERIC CASH,365
44508,GENERIC CASH,373
44509,GENERIC CASH,366
44510,GENERIC CASH,367
44485,GENERIC CASH,381
48617,GENERIC CASH,241
49039,GENERIC CASH,502
44364,GENERIC CASH,364
44366,GENERIC CASH,372
44367,GENERIC CASH,369
44368,GENERIC CASH,375
44369,GENERIC CASH,370
44371,GENERIC CASH,157
44373,GENERIC CASH,666
44374,GENERIC CASH,168
44375,GENERIC CASH,167
44298,GENERIC CASH,626
54856,GENERIC CASH,306
54858,GENERIC CASH,222
54906,GENERIC CASH,806
58186,GENERIC CASH,324
54347,GENERIC CASH,224
57740,GENERIC CASH,302
54579,GENERIC CASH,766
56725,GENERIC CASH,382
54134,GENERIC CASH,505
52812,GENERIC CASH,283
57191,GENERIC CASH,826
51296,GENERIC CASH,707
51297,GENERIC CASH,708
57598,GENERIC CASH,305
55440,GENERIC CASH,184
52988,GENERIC CASH,747
52989,GENERIC CASH,748
51274,GENERIC CASH,461
61339,GENERIC CASH,690
63194,GENERIC CASH,886
59098,GENERIC CASH,847
63225,GENERIC CASH,122
60844,GENERIC CASH,866
62734,GENERIC CASH,403
60582,GENERIC CASH,323
60583,GENERIC CASH,503
60849,GENERIC CASH,221
63974,GENERIC CASH,907
67774,GENERIC CASH,1029
69141,GENERIC CASH,1069
64971,GENERIC CASH,926
68500,GENERIC CASH,1049
69659,GENERIC CASH,1090
69660,GENERIC CASH,1091
69661,GENERIC CASH **EAST**,1092
55429,GENERIC CASH,301
44365,GENERIC CASH,362
76817,GENERIC CASH,1149
76819,GENERIC CASH,1151
76822,GENERIC CASH,1152
76823,GENERIC CASH,1153
76824,GENERIC CASH,1154
76826,GENERIC CASH,1155
76936,GENERIC CASH,1189
77179,GENERIC CASH,1209
77180,GENERIC CASH,1210
77181,GENERIC CASH,1211
77554,GENERIC CASH,1109
78215,GENERIC CASH.,607
79104,GENERIC CASH,1249
76818,GENERIC CASH,1150
80836,GENERIC CASH,1289
80837,GENERIC CASH,1290
80838,GENERIC CASH,1291
80118,GENERIC CASH,1269
77444,GENERIC CASH,1229
81228,GENERIC CASH,1309
88070,GENERIC CASH,1329
90296,GENERIC CASH,1369
90073,GENERIC CASH,1349
91273,GENERIC CASH,1389
91274,GENERIC CASH,1390
91275,GENERIC CASH,1391
91276,GENERIC CASH,1392
60584,GENERIC CASH,383
39104,GENERIC CASH,546
93647,GENERIC CASH,1069
94845,GENERIC CASH,1409
52960,GENERIC CASH,726
96828,GENERIC CASH,1429
96829,GENERIC CASH,1430
96830,GENERIC CASH,1431
96831,GENERIC CASH,1432
96832,GENERIC CASH,1433
96833,GENERIC CASH,1434
96834,GENERIC CASH,1435
96835,GENERIC CASH,1436
96836,GENERIC CASH,1437
96837,GENERIC CASH,1438
98845,GENERIC CASH,1435
100404,GENERIC CASH,1449
100406,GENERIC CASH,1450
100408,GENERIC CASH **WEST**,1451
20931,GENERIC CASH,161
103615,GENERIC CASH,1452
107175,GENERIC CASH,1492
121940,GENERIC CASH,1572
44370,GENERIC CASH,374
111042,GENERIC CASH,1011
54776,GENERIC CASH,303
113324,GENERIC CASH,1532
113325,GENERIC CASH,1533
18636,GENERIC CASH,342
38772,GENERIC CASH,363
38338,GENERIC CASH,371
107722,GENERIC CASH,1512
122914,GENERIC CASH,1592
34407,GENERIC CASH,314
50646,GENERIC CASH,507
23283,GENERIC CASH,345
115355,GENERIC CASH,1552
115356,GENERIC CASH,1553
115358,GENERIC CASH,1554
115359,GENERIC CASH,1555
44372,GENERIC CASH,441
103821,GENERIC CASH,1472
53112,GENERIC CASH,504
130555,GENERIC CASH,1612
130556,GENERIC CASH,1613
130557,GENERIC CASH,1614
130595,GENERIC CASH,1632
182731,GENERIC CASH,1712
182734,GENERIC CASH,1732
188730,GENERIC CASH,1752
193170,GENERIC CASH,1772
207628,GENERIC CASH PROMOTIONS,647
211068,GENERIC CASH,1792
211069,GENERIC CASH,1793
211070,GENERIC CASH,1794
201789,*****PAYPAL GENERIC CASH**** DO NOT USE,171
223509,GENERIC CASH,1812
242769,GENERIC CASH,1832
243028,GENERIC CASH,1852
243029,GENERIC CASH,1853
315688,GENERIC CASH,1932
315689,GENERIC CASH,1933
315690,GENERIC CASH,1934
308348,GENERIC CASH,1912
435108,GENERIC CASH,2072
435109,GENERIC CASH,2073
424048,GENERIC CASH,2052
268370,GENERIC CASH,1872
268371,GENERIC CASH,1873
268372,GENERIC CASH,1874
268373,GENERIC CASH,1875
339948,GENERIC CASH,1952
299290,GENERIC CASH,1892
382028,GENERIC CASH,1992
437530,GENERIC CASH,2092
344768,GENERIC CASH,1972
344771,GENERIC CASH,1973
386869,GENERIC CASH,2012
386870,GENERIC CASH,2013
412848,GENERIC CASH,2032
446868,GENERIC CASH,2112
